Organization,Item,Description,Subinventory,Locator,UOM,On Hand Qty
MMX,1012010774,PRODUCT PACKAGE: GRADUATION REGALIA SET,FG-MTY,A-01-02,EA,85
MMX,1012010774,PRODUCT PACKAGE: GRADUATION REGALIA SET,FG-TIJ,B-03-01,EA,35
MMX,2000178214,CAP: BDG.STANDARD.HARD.POLYESTER.GARNET.ELASTIC,FG-MTY,A-02-04,EA,12
MMX,2000179048,GOWN: BDG.GRADUATE.POLYESTER.GARNET.5'04",FG-MTY,A-05-01,EA,65
MMX,2000181530,TASSEL: STANDARD.GARNET/GOLD.2026 CHARM,FG-MTY,C-01-01,EA,300
MMX,2000190112,STOLE: L-33.SATIN.WHITE.PLAIN,FG-TIJ,B-01-07,EA,4
MMX,2000175560,GOWN: BDG.GRADUATE.POLYESTER.NAVY.5'09",FG-MTY,A-05-03,EA,38
MMX,2000183377,HOOD: MASTERS.VELVET.EDUCATION.LIGHT BLUE,FG-MTY,D-02-02,EA,12
MMX,2000186004,DIPLOMA COVER: PADDED.NAVY.GOLD FOIL,FG-TIJ,B-04-01,EA,90
MMX,2000171229,CAP: BDG.STANDARD.HARD.POLYESTER.NAVY.ELASTIC,FG-MTY,A-02-01,EA,110
MMX,2000171229,CAP: BDG.STANDARD.HARD.POLYESTER.NAVY.ELASTIC,FG-TIJ,B-02-01,EA,40
