1012010774,85,PRODUCT PACKAGE: GRADUATION REGALIA SET,FG-MTY
1012010774,35,PRODUCT PACKAGE: GRADUATION REGALIA SET,FG-TIJ
2000178214,12,CAP: BDG.STANDARD.HARD.POLYESTER.GARNET.ELASTIC,FG-MTY
2000179048,65,GOWN: BDG.GRADUATE.POLYESTER.GARNET.5'04",FG-MTY
2000181530,300,TASSEL: STANDARD.GARNET/GOLD.2026 CHARM,FG-MTY
2000190112,4,STOLE: L-33.SATIN.WHITE.PLAIN,FG-TIJ
2000175560,38,GOWN: BDG.GRADUATE.POLYESTER.NAVY.5'09",FG-MTY
2000183377,12,HOOD: MASTERS.VELVET.EDUCATION.LIGHT BLUE,FG-MTY
2000186004,90,DIPLOMA COVER: PADDED.NAVY.GOLD FOIL,FG-TIJ
2000171229,110,CAP: BDG.STANDARD.HARD.POLYESTER.NAVY.ELASTIC,FG-MTY
2000171229,40,CAP: BDG.STANDARD.HARD.POLYESTER.NAVY.ELASTIC,FG-TIJ
